ID,Movie_Name
1,10 Cloverfield Lane
2,10 Things I Hate About You
3,101 Dalmatians
4,12 Angry Men
5,12 Monkeys
6,12 Strong
7,12 Years a Slave
8,127 Hours
9,13 Going on 30
10,13 Hours: The Secret Soldiers of Benghazi
11,1408
12,17 Again
13,1917
14,1984
15,2 Fast 2 Furious
16,2 Guns
17,2001: A Space Odyssey
18,2012
19,21
20,21 Jump Street
21,22 Jump Street
22,28 Days Later
23,28 Weeks Later
24,3 Idiots
25,30 Days of Night
26,300
27,300: Rise of an Empire
28,3:10 to Yuma
29,50 First Dates
30,500 Days of Summer
31,65
32,8 Mile
33,9
34,9 Songs
35,9½ Weeks
36,A Bad Moms Christmas
37,A Beautiful Day in the Neighborhood
38,A Beautiful Mind
39,A Bridge Too Far
40,A Bronx Tale
41,A Bug's Life
42,A Christmas Carol
43,A Christmas Story
44,A Cinderella Story
45,A Clockwork Orange
46,A Cure for Wellness
47,A Dangerous Method
48,A Different Man
49,A Dog's Journey
50,A Dog's Purpose
51,A Few Good Men
52,A Fistful of Dollars
53,A Ghost Story
54,A Good Day to Die Hard
55,A Good Year
56,A Haunting in Venice
57,A History of Violence
58,A Knight's Tale
59,A League of Their Own
60,A Man Called Otto
61,A Matter of Life and Death
62,A Million Ways to Die in the West
63,A Mouthful of Air
64,A Night at the Roxbury
65,A Nightmare on Elm Street
66,A Quiet Place
67,A Quiet Place Part II
68,A Quiet Place: Day One
69,A Rainy Day in New York
70,A Separation
71,A Series of Unfortunate Events
72,A Serious Man
73,A Simple Favor
74,A Simple Plan
75,A Star Is Born
76,A Street Cat Named Bob
77,A Streetcar Named Desire
78,A Time to Kill
79,A Very Harold & Kumar Christmas
80,A View to a Kill
81,A Walk to Remember
82,A.I. Artificial Intelligence
83,Abigail
84,About Time
85,About a Boy
86,Absolution
87,Ace Ventura: Pet Detective
88,Ad Astra
89,Adaptation.
90,Addams Family Values
91,Adore
92,Adventures in Babysitting
93,AfrAId
94,Afraid
95,After
96,After Hours
97,After.Life
98,"Aguirre, the Wrath of God"
99,Air
100,Air Force One
101,Airplane!
102,Akira
103,Aladdin
104,Alex Cross
105,Alexander
106,Alice in Wonderland
107,Alien
108,Alien Resurrection
109,Alien vs. Predator
110,Alien: Covenant
111,Alien: Romulus
112,Aliens
113,Aliens vs. Predator: Requiem
114,Alien³
115,Alita: Battle Angel
116,All Dogs Go to Heaven
117,All Things Fair
118,All of Us Strangers
119,All the Money in the World
120,Allied
121,Almost Christmas
122,Almost Famous
123,Aloha
124,Alone
125,Along Came a Spider
126,Alpha
127,Alvin and the Chipmunks
128,Am I Racist?
129,Amadeus
130,Ambulance
131,American Assassin
132,American Beauty
133,American Gangster
134,American Graffiti
135,American History X
136,American Hustle
137,American Made
138,American Pie
139,American Pie 2
140,American Psycho
141,American Sniper
142,Ammonite
143,Amores Perros
144,Amsterdam
145,Amélie
146,An American Crime
147,An American Werewolf in London
148,Anastasia
149,Anatomy of a Fall
150,Anchorman: The Legend of Ron Burgundy
151,Angel
152,Angel Has Fallen
153,Angels & Demons
154,Anger Management
155,Anna
156,Anna Karenina
157,Annabelle
158,Annie
159,Annie Hall
160,Annihilation
161,Ant-Man
162,Ant-Man and the Wasp: Quantumania
163,Antichrist
164,Anyone But You
165,Apocalypse Now
166,Apocalypto
167,Apollo 13
168,Apollo 18
169,Appaloosa
170,Appointment with Death
171,Aquaman
172,Aquaman and the Lost Kingdom
173,"Are You There God? It's Me, Margaret."
174,Argo
175,Argylle
176,Armageddon
177,Arrival
178,Arthur Christmas
179,"As Above, So Below"
180,As Good as It Gets
181,Assassin's Creed
182,Asteroid City
183,Atlantis: The Lost Empire
184,Atomic Blonde
185,Atonement
186,Austin Powers in Goldmember
187,Austin Powers: International Man of Mystery
188,Austin Powers: The Spy Who Shagged Me
189,Avatar
190,Avatar: The Way of Water
191,Avengers: Age of Ultron
192,Avengers: Endgame
193,Avengers: Infinity War
194,Awake
195,Awakenings
196,Azrael
197,Babe
198,Babel
199,Baby Driver
200,Babylon
201,Bachelor Party
202,Back to Black
203,Back to the Future
204,Back to the Future Part II
205,Back to the Future Part III
206,Bad Boys
207,Bad Boys II
208,Bad Boys for Life
209,Bad Boys: Ride or Die
210,Bad Moms
211,Bad Santa
212,Bad Santa 2
213,Bad Teacher
214,Bad Times at the El Royale
215,Bagman
216,Barbarella
217,Barbarian
218,Barbie
219,Barefoot
220,Barry Lyndon
221,Basic Instinct
222,Batman
223,Batman & Robin
224,Batman Begins
225,Batman Forever
226,Batman Returns
227,Batman v Superman: Dawn of Justice
228,Battleship
229,Baywatch
230,Beau Is Afraid
231,Beautiful Boy
232,Beauty and the Beast
233,Bedazzled
234,Beetlejuice
235,Beetlejuice Beetlejuice
236,Before Sunrise
237,Before Sunset
238,Before the Devil Knows You're Dead
239,Begin Again
240,Being John Malkovich
241,Bell Book and Candle
242,Ben-Hur
243,Bend It Like Beckham
244,Benedetta
245,Beowulf
246,Best in Show
247,Better Man
248,Better Watch Out
249,Beverly Hills Cop
250,Bicentennial Man
251,Big
252,Big Daddy
253,Big Fish
254,Big Hero 6
255,Big Trouble in Little China
256,Billy Elliot
257,Billy Madison
258,Birdman or (The Unexpected Virtue of Ignorance)
259,Birds of Prey
260,Bitter Moon
261,BlacKkKlansman
262,Black Adam
263,Black Christmas
264,Black Hawk Down
265,Black Mass
266,Black Narcissus
267,Black Panther
268,Black Panther: Wakanda Forever
269,Black Snake Moan
270,Black Swan
271,Black Widow
272,Blade
273,Blade II
274,Blade Runner
275,Blade Runner 2049
276,Blade: Trinity
277,Blast from the Past
278,Blazing Saddles
279,Blended
280,Blink Twice
281,Blood Diamond
282,"Blood In, Blood Out"
283,Blood Simple
284,Bloodsport
285,Blow
286,Blow-Up
287,Blue Beetle
288,Blue Is the Warmest Colour
289,Blue Ruin
290,Blue Valentine
291,Blue Velvet
292,Body Double
293,Body Heat
294,Body of Lies
295,Bohemian Rhapsody
296,Bombshell
297,Bone Tomahawk
298,Bones and All
299,Boogie Nights
300,Booksmart
301,Borat
302,Borderlands
303,Born on the Fourth of July
304,Boss Level
305,Bound
306,Boy Erased
307,Boyhood
308,Boys Don't Cry
309,Boyz n the Hood
310,Bram Stoker's Dracula
311,Brave
312,Braveheart
313,Brazil
314,Breakdown
315,Breakfast at Tiffany's
316,Bridesmaids
317,Bridge of Spies
318,Bridge to Terabithia
319,Bridget Jones's Baby
320,Bridget Jones's Diary
321,Brightburn
322,Bring It On
323,Brokeback Mountain
324,Bronson
325,Brooklyn
326,Brotherhood of the Wolf
327,Brothers
328,Bruce Almighty
329,Buffalo '66
330,Bullet Train
331,Bumblebee
332,Burlesque
333,Burn After Reading
334,Burnt
335,But I'm a Cheerleader
336,Butch Cassidy and the Sundance Kid
337,CHIPS
338,CODA
339,Cabaret
340,Cabrini
341,Caddyshack
342,Call Me by Your Name
343,Can't Hardly Wait
344,Candyman
345,Cape Fear
346,Capernaum
347,Capote
348,Captain America: Civil War
349,Captain America: The First Avenger
350,Captain America: The Winter Soldier
351,Captain Fantastic
352,Captain Marvel
353,Captain Phillips
354,Carlito's Way
355,Carol
356,Carrie
357,Cars
358,Cars 2
359,Cars 3
360,Casablanca
361,Casino
362,Casino Royale
363,Casper
364,Cast Away
365,Catch Me If You Can
366,Cats
367,Cedar Rapids
368,Challengers
369,Chaos Walking
370,Chappie
371,Charade
372,Charlie Wilson's War
373,Charlie and the Chocolate Factory
374,Charlie's Angels
375,Cheaper by the Dozen
376,Chef
377,Chicago
378,Chicken Little
379,Child's Play
380,Children of Men
381,Chinatown
382,Chitty Chitty Bang Bang
383,Chloe
384,Chocolat
385,Christine
386,Christmas with the Kranks
387,Cinderella
388,Cinderella Man
389,Cinema Paradiso
390,Citizen Kane
391,City of God
392,Civil War
393,Clash of the Titans
394,Classified
395,Clear and Present Danger
396,Cleopatra
397,Click
398,Cliffhanger
399,Climax
400,Close Encounters of the Third Kind
401,Closer
402,Cloud Atlas
403,Cloudy with a Chance of Meatballs
404,Cloverfield
405,Clown
406,Clue
407,Clueless
408,Coach Carter
409,Cobra
410,Cocaine Bear
411,Cocktail
412,Coco
413,Coherence
414,Cold Mountain
415,Cold Pursuit
416,Collateral
417,Colombiana
418,Colossal
419,Coming to America
420,Commando
421,Compliance
422,Con Air
423,Conan the Barbarian
424,Conclave
425,Constantine
426,Contact
427,Contagion
428,Cool Hand Luke
429,Copshop
430,Copycat
431,Coraline
432,Corpse Bride
433,Couples Retreat
434,Cowboys & Aliens
435,Coyote Ugly
436,Crank
437,Crash
438,Crazy Rich Asians
439,"Crazy, Stupid, Love."
440,Creed
441,Creed III
442,Crimes of the Future
443,Criminal
444,Crimson Peak
445,Crimson Tide
446,"Crouching Tiger, Hidden Dragon"
447,Cruel Intentions
448,Cruella
449,Cry-Baby
450,Cube
451,Cuckoo
452,Cure
453,Daddy Day Care
454,Daddy's Home
455,Daddy's Home 2
456,Dallas Buyers Club
457,Dan in Real Life
458,Dances with Wolves
459,Dangal
460,Dangerous
461,Daredevil
462,Dark City
463,Dark Shadows
464,Dark Skies
465,Darkest Hour
466,Darkman
467,Dawn of the Dead
468,Dawn of the Planet of the Apes
469,Days of Heaven
470,Dazed and Confused
471,Dead Alive
472,Dead Calm
473,Dead Poets Society
474,Dead Ringers
475,Deadpool
476,Deadpool & Wolverine
477,Deadpool 2
478,Death Becomes Her
479,Death Race
480,Death Wish
481,Death on the Nile
482,Deck the Halls
483,Deep Impact
484,Deepwater Horizon
485,Deja Vu
486,Deliverance
487,Demolition
488,Demolition Man
489,Den of Thieves
490,Desperado
491,Despicable Me
492,Despicable Me 2
493,Despicable Me 3
494,Despicable Me 4
495,Diamonds Are Forever
496,Diary of a Wimpy Kid
497,Dick Tracy
498,Die Alone
499,Die Another Day
500,Die Hard
501,Die Hard 2
502,Die Hard with a Vengeance
503,Dinosaur
504,Dirty Dancing
505,Dirty Harry
506,Disaster Movie
507,Disney's A Christmas Carol
508,Disobedience
509,District 9
510,Disturbia
511,Divergent
512,Django Unchained
513,Do the Right Thing
514,Doctor Sleep
515,Doctor Strange
516,Doctor Strange in the Multiverse of Madness
517,Doctor Zhivago
518,Dodgeball: A True Underdog Story
519,Dog Day Afternoon
520,DogMan
521,Dogma
522,Dogtooth
523,Dogville
524,Don Jon
525,Don't Breathe
526,Don't Look Up
527,Don't Worry Darling
528,Donnie Brasco
529,Donnie Darko
530,Dora and the Lost City of Gold
531,Double Jeopardy
532,Doubt
533,Down Periscope
534,Downfall
535,Downsizing
536,Downton Abbey
537,Downton Abbey: A New Era
538,Dr. No
539,Dr. Strangelove or: How I Learned to Stop Worrying and Love the Bomb
540,Dracula Untold
541,Drag Me to Hell
542,Dragged Across Concrete
543,Dragonball Evolution
544,Dreamgirls
545,Dredd
546,Dressed to Kill
547,Drive
548,Drop Dead Gorgeous
549,Drumline
550,"Dude, Where's My Car?"
551,Duel
552,Dumb Money
553,Dumb and Dumber
554,Dune
555,Dune: Part One
556,Dune: Part Two
557,Dungeons & Dragons: Honor Among Thieves
558,Dunkirk
559,Dutch
560,Dìdi
561,E.T. the Extra-Terrestrial
562,Eagle Eye
563,Earth Girls Are Easy
564,Eastern Promises
565,Easy A
566,Easy Rider
567,Edge of Tomorrow
568,Edward Scissorhands
569,Eight Crazy Nights
570,Eighth Grade
571,Eileen
572,Elektra
573,Elemental
574,Elf
575,Elizabeth
576,Ella Enchanted
577,Elvis
578,Elysium
579,Emilia Pérez
580,Emily the Criminal
581,Emma.
582,Empire of the Sun
583,Encanto
584,Enchanted
585,End of Days
586,End of Watch
587,Ender's Game
588,Endless Love
589,Enemy at the Gates
590,Enemy of the State
591,Enter the Void
592,Epic Movie
593,Equilibrium
594,Eraserhead
595,Erin Brockovich
596,Ernest Saves Christmas
597,Escape Plan
598,Escape Room
599,Escape from New York
600,Eternal Sunshine of the Spotless Mind
601,Eternals
602,EuroTrip
603,Event Horizon
604,Ever After: A Cinderella Story
605,Everest
606,Everybody Wants Some!!
607,Everything Everywhere All at Once
608,Evil Dead
609,Evil Dead Rise
610,Ex Machina
611,Excalibur
612,Exhibiting Forgiveness
613,Exodus: Gods and Kings
614,Eyes Wide Shut
615,F9: The Fast Saga
616,Face/Off
617,Fall
618,Falling Down
619,Fanny and Alexander
620,Fantastic Beasts and Where to Find Them
621,Fantastic Beasts: The Crimes of Grindelwald
622,Fantastic Beasts: The Secrets of Dumbledore
623,Fantastic Four
624,Fantastic Mr. Fox
625,Fantasy Island
626,Far from the Madding Crowd
627,Fargo
628,Fast & Furious
629,Fast & Furious 6
630,Fast & Furious Presents: Hobbs & Shaw
631,Fast Five
632,Fast Times at Ridgemont High
633,Fast X
634,Faster
635,Fatal Attraction
636,Father Figures
637,Father of the Bride
638,Fear and Loathing in Las Vegas
639,Fences
640,Ferdinand
641,Ferrari
642,Ferris Bueller's Day Off
643,Fifty Shades Darker
644,Fifty Shades Freed
645,Fifty Shades of Grey
646,Fight Club
647,Fighter
648,Fighting with My Family
649,Final Destination
650,Final Destination 2
651,Final Destination 3
652,Finding Nemo
653,First Blood
654,First Man
655,Five Feet Apart
656,Five Nights at Freddy's
657,Flash Gordon
658,Flashdance
659,Flight
660,Flight of the Navigator
661,Flipped
662,Fly Me to the Moon
663,Focus
664,Footloose
665,For Your Eyes Only
666,For a Few Dollars More
667,Ford v Ferrari
668,Forgetting Sarah Marshall
669,Forgotten
670,Forrest Gump
671,Four Brothers
672,Four Christmases
673,Four Weddings and a Funeral
674,Freaky
675,Freaky Friday
676,Fred Claus
677,Free Guy
678,Free State of Jones
679,Free Willy
680,Freelance
681,Friday
682,Friday After Next
683,Friday Night Lights
684,Friday the 13th
685,Fried Green Tomatoes
686,Friends with Benefits
687,Fright Night
688,From Dusk Till Dawn
689,From Paris with Love
690,From Russia with Love
691,Frozen
692,Frozen II
693,Full Metal Jacket
694,Funny Games
695,Furiosa: A Mad Max Saga
696,Furious 7
697,Fury
698,G.I. Jane
699,G.I. Joe: Retaliation
700,G.I. Joe: The Rise of Cobra
701,Galaxy Quest
702,Game Night
703,Gangs of New York
704,Gattaca
705,Gemini Man
706,Gentlemen Broncos
707,Geostorm
708,Get Out
709,Get Shorty
710,Ghost
711,Ghost Rider
712,Ghost Rider: Spirit of Vengeance
713,Ghost Ship
714,Ghost in the Shell
715,Ghostbusters
716,Ghostbusters II
717,Ghostbusters: Afterlife
718,Ghostbusters: Frozen Empire
719,Ghosts of Girlfriends Past
720,Gifted
721,"Girl, Interrupted"
722,Gladiator
723,Gladiator II
724,Glass
725,Glass Onion
726,Glengarry Glen Ross
727,Glory
728,Go
729,Gods of Egypt
730,Godzilla
731,Godzilla Minus One
732,Godzilla vs. Kong
733,Godzilla x Kong: The New Empire
734,Godzilla: King of the Monsters
735,Going in Style
736,GoldenEye
737,Goldfinger
738,Gone Baby Gone
739,Gone Girl
740,Gone in 60 Seconds
741,Gone with the Wind
742,Good Boys
743,Good Luck Chuck
744,Good Time
745,Good Will Hunting
746,Goodfellas
747,Gosford Park
748,Gran Torino
749,Gran Turismo
750,Grave of the Fireflies
751,Gravity
752,Grease
753,Grease 2
754,Green Book
755,Green Room
756,Greenland
757,Gremlins
758,Gremlins 2: The New Batch
759,Groundhog Day
760,Grown Ups
761,Grown Ups 2
762,Guardians of the Galaxy
763,Guardians of the Galaxy Vol. 2
764,Guardians of the Galaxy Vol. 3
765,Guillermo del Toro's Pinocchio
766,Gummo
767,Guy Ritchie's the Covenant
768,Guys and Dolls
769,Hachi: A Dog's Tale
770,Hackers
771,Hacksaw Ridge
772,Hairspray
773,Halloween
774,Hang 'Em High
775,Hanna
776,Hannibal
777,Hansel & Gretel: Witch Hunters
778,Happiness
779,Happy Death Day
780,Happy Feet
781,Happy Gilmore
782,Hard Candy
783,Harold & Kumar Go to White Castle
784,Harold and the Purple Crayon
785,Harriet
786,Harry Potter and the Chamber of Secrets
787,Harry Potter and the Deathly Hallows: Part 1
788,Harry Potter and the Deathly Hallows: Part 2
789,Harry Potter and the Goblet of Fire
790,Harry Potter and the Half-Blood Prince
791,Harry Potter and the Order of the Phoenix
792,Harry Potter and the Prisoner of Azkaban
793,Harry Potter and the Sorcerer's Stone
794,He's Just Not That Into You
795,Heat
796,Heathers
797,Heavenly Creatures
798,Heavy Metal
799,Hell or High Water
800,Hellboy
801,Hellboy: The Crooked Man
802,Hellraiser
803,Her
804,Herbie Fully Loaded
805,Hercules
806,Here
807,Hereditary
808,Hidden Figures
809,High Fidelity
810,High Life
811,High Plains Drifter
812,High School Musical
813,High Society
814,Highlander
815,Hitman
816,Hitman: Agent 47
817,Hocus Pocus
818,Holes
819,Holiday Inn
820,Hollow Man
821,Home
822,Home Alone
823,Home Alone 2: Lost in New York
824,Home Alone 3
825,Home for the Holidays
826,Homefront
827,"Honey, I Shrunk the Kids"
828,Hook
829,Horizon: An American Saga - Chapter 1
830,Horrible Bosses
831,Hostel
832,Hostel: Part II
833,Hostiles
834,Hot Fuzz
835,Hot Shots!
836,Hot Tub Time Machine
837,Hotel Mumbai
838,Hotel Rwanda
839,Hotel Transylvania
840,House of Gucci
841,House of Wax
842,How the Grinch Stole Christmas
843,How to Lose a Guy in 10 Days
844,How to Train Your Dragon
845,How to Train Your Dragon 2
846,How to Train Your Dragon: The Hidden World
847,Howard the Duck
848,Howl's Moving Castle
849,Hugo
850,Hulk
851,Hunter Killer
852,Hustlers
853,Hypnotic
854,I Am Legend
855,I Am Sam
856,I Care a Lot
857,I Know What You Did Last Summer
858,"I Love You, Beth Cooper"
859,I Saw the TV Glow
860,I Spit on Your Grave
861,I'll Be Home for Christmas
862,I'm Not There
863,I'm Still Here
864,"I, Robot"
865,"I, Tonya"
866,IF
867,Ice Age
868,Identity
869,Idiocracy
870,Idle Hands
871,Imaginary
872,Imagine Me & You
873,Immaculate
874,Immortals
875,In Bruges
876,In Time
877,In the Cut
878,In the Heart of the Sea
879,In the Heights
880,In the Land of Saints and Sinners
881,In the Mouth of Madness
882,In the Name of the Father
883,Incendies
884,Inception
885,Incredibles 2
886,Indecent Proposal
887,Independence Day
888,Independence Day: Resurgence
889,Indiana Jones and the Dial of Destiny
890,Indiana Jones and the Kingdom of the Crystal Skull
891,Indiana Jones and the Last Crusade
892,Indiana Jones and the Temple of Doom
893,Inferno
894,Inglourious Basterds
895,Inherent Vice
896,Innerspace
897,Inside Llewyn Davis
898,Inside Man
899,Inside Out
900,Inside Out 2
901,Insidious
902,Insomnia
903,Instant Family
904,Interstellar
905,Interview with the Vampire
906,Into the Blue
907,Into the Wild
908,Into the Woods
909,Invasion of the Body Snatchers
910,Io Capitano
911,Iron Man
912,Iron Man 2
913,Iron Man 3
914,It
915,It Chapter Two
916,It Ends With Us
917,It Ends with Us
918,It Follows
919,It Happened One Night
920,It's a Mad Mad Mad Mad World
921,It's a Wonderful Life
922,JFK
923,Jack Frost
924,Jack Reacher
925,Jack Reacher: Never Go Back
926,Jackie Brown
927,Jacob's Ladder
928,Jarhead
929,Jason Bourne
930,Jaws
931,Jeepers Creepers
932,Jennifer's Body
933,Jerry Maguire
934,Jingle All the Way
935,Joe Dirt
936,John Carter
937,John Q
938,John Wick
939,John Wick: Chapter 2
940,John Wick: Chapter 3 - Parabellum
941,John Wick: Chapter 4
942,Jojo Rabbit
943,Joker
944,Joker: Folie à Deux
945,Journey 2: The Mysterious Island
946,Journey to Bethlehem
947,Joy
948,Joy Ride
949,Joyeux Noel
950,Jumanji
951,Jumanji: The Next Level
952,Jumanji: Welcome to the Jungle
953,Jumper
954,Jungle Cruise
955,Juno
956,Jupiter Ascending
957,Jurassic Park
958,Jurassic Park III
959,Jurassic World
960,Jurassic World Dominion
961,Jurassic World: Fallen Kingdom
962,Juror #2
963,Just Go with It
964,Justice League
965,K.G.F: Chapter 2
966,Kalki 2898 AD
967,Kate & Leopold
968,Kick-Ass
969,Kick-Ass 2
970,Kids
971,Kiki's Delivery Service
972,Kill Bill: Vol. 1
973,Kill Bill: Vol. 2
974,Kill the Irishman
975,Killers of the Flower Moon
976,Killing Me Softly
977,Kindergarten Cop
978,Kinds of Kindness
979,King Arthur
980,King Arthur: Legend of the Sword
981,King Kong
982,King Richard
983,King of New York
984,Kingdom of Heaven
985,Kingdom of the Planet of the Apes
986,Kingpin
987,Kingsman: The Golden Circle
988,Kingsman: The Secret Service
989,Kiss Kiss Bang Bang
990,Kiss the Girls
991,Knight and Day
992,Knights of the Zodiac
993,Knives Out
994,Knock Knock
995,Knock at the Cabin
996,Knocked Up
997,Knowing
998,Kong: Skull Island
999,Krampus
1000,Krull
1001,Kung Fu Hustle
1002,Kung Fu Panda
1003,Kung Fu Panda 2
1004,Kung Fu Panda 3
1005,Kung Fu Panda 4
1006,L.A. Confidential
1007,La Chimera
1008,La La Land
1009,La haine
1010,"LaRoy, Texas"
1011,Labyrinth
1012,Lady Bird
1013,Land of Bad
1014,Lara Croft: Tomb Raider
1015,Lars and the Real Girl
1016,Last Action Hero
1017,Last Christmas
1018,Last Holiday
1019,Last Night in Soho
1020,Last Tango in Paris
1021,Late Night with the Devil
1022,Law Abiding Citizen
1023,Lawless
1024,Lawrence of Arabia
1025,Layer Cake
1026,Leaving Las Vegas
1027,Legally Blonde
1028,Legend
1029,Legends of the Fall
1030,Legion
1031,Les Misérables
1032,Let the Right One In
1033,Lethal Weapon
1034,Leviathan
1035,Liar Liar
1036,Licence to Kill
1037,Licorice Pizza
1038,Lie with Me
1039,Life
1040,Life Is Beautiful
1041,Life as a House
1042,Life of Pi
1043,Lifeforce
1044,Like Water for Chocolate
1045,Lilo & Stitch
1046,Limitless
1047,Lincoln
1048,Lion
1049,Lisa Frankenstein
1050,Little
1051,Little Children
1052,Little Man Tate
1053,Little Miss Sunshine
1054,Little Nicky
1055,Little Shop of Horrors
1056,Little Women
1057,Live Free or Die Hard
1058,Live and Let Die
1059,"Lock, Stock and Two Smoking Barrels"
1060,Logan
1061,Logan Lucky
1062,Lolita
1063,London Has Fallen
1064,Lone Survivor
1065,Longlegs
1066,Looper
1067,Lord of War
1068,Lost Highway
1069,Lost in Space
1070,Lost in Translation
1071,Love
1072,Love & Other Drugs
1073,Love Actually
1074,Love Lies Bleeding
1075,Love and Monsters
1076,Love the Coopers
1077,"Love, Simon"
1078,Lovelace
1079,Lucy
1080,"Lust, Caution"
1081,Léon: The Professional
1082,M*A*S*H
1083,M3GAN
1084,MaXXXine
1085,Machete
1086,Mad Max
1087,Mad Max: Fury Road
1088,Madagascar
1089,Madagascar: Escape 2 Africa
1090,Madame Web
1091,Maestro
1092,Magic Mike
1093,Magnolia
1094,Maid in Manhattan
1095,Major League
1096,Malcolm X
1097,Maleficent
1098,Maleficent: Mistress of Evil
1099,Malignant
1100,Mallrats
1101,Mamma Mia!
1102,Mamma Mia! Here We Go Again
1103,Man of Steel
1104,Man on Fire
1105,Manchester by the Sea
1106,Mandy
1107,Manhunter
1108,Margin Call
1109,Marie Antoinette
1110,Marriage Story
1111,Mars Attacks!
1112,Martyrs
1113,Mary Poppins
1114,Mary Poppins Returns
1115,Mary Queen of Scots
1116,Mary and Max
1117,Mask
1118,Master and Commander: The Far Side of the World
1119,Masterminds
1120,Masters of the Universe
1121,Match Point
1122,Matilda
1123,Matilda: The Musical
1124,May December
1125,Maze Runner: The Death Cure
1126,Maze Runner: The Scorch Trials
1127,Me Before You
1128,"Me, Myself & Irene"
1129,Mean Girls
1130,Meatballs
1131,Meet Joe Black
1132,Meet Me in St. Louis
1133,Meet the Fockers
1134,Meet the Parents
1135,Meet the Robinsons
1136,Meg 2: The Trench
1137,Megalopolis
1138,Megamind
1139,Melancholia
1140,Memento
1141,Memoirs of a Geisha
1142,Memories of Murder
1143,Memory
1144,Men in Black
1145,Men in Black II
1146,Men in Black: International
1147,Men in Black³
1148,Metropolis
1149,Michael Clayton
1150,Mid90s
1151,Midnight Cowboy
1152,Midnight Run
1153,Midnight in Paris
1154,Midsommar
1155,Midway
1156,Mighty Morphin Power Rangers
1157,Migration
1158,Mike and Dave Need Wedding Dates
1159,Miller's Crossing
1160,Miller's Girl
1161,Million Dollar Baby
1162,Minari
1163,Minions
1164,Minions: The Rise of Gru
1165,Minority Report
1166,Mirror Mirror
1167,Misery
1168,Miss Congeniality
1169,Miss Peregrine's Home for Peculiar Children
1170,Mission: Impossible
1171,Mission: Impossible - Dead Reckoning Part One
1172,Mission: Impossible - Fallout
1173,Mission: Impossible - Ghost Protocol
1174,Mission: Impossible - Rogue Nation
1175,Mission: Impossible II
1176,Mission: Impossible III
1177,Mississippi Burning
1178,Mixed Nuts
1179,Moana
1180,Moana 2
1181,Molly's Game
1182,Moneyball
1183,Monkey Man
1184,Monster
1185,Monster House
1186,Monsters University
1187,"Monsters, Inc."
1188,Monty Python and the Holy Grail
1189,Monty Python's Life of Brian
1190,Moon
1191,Moonfall
1192,Moonlight
1193,Moonraker
1194,Moonrise Kingdom
1195,Moonstruck
1196,Morbius
1197,Mortal Engines
1198,Mortal Kombat
1199,Mother and Child
1200,Mother!
1201,Moulin Rouge
1202,Moulin Rouge!
1203,Movie 43
1204,Mr. & Mrs. Smith
1205,Mr. Brooks
1206,Mr. Nobody
1207,Mrs. Doubtfire
1208,Mrs. Harris Goes to Paris
1209,Mud
1210,Mulan
1211,Mulholland Drive
1212,Munich
1213,Murder on the Orient Express
1214,My Best Friend's Wedding
1215,My Cousin Vinny
1216,My Fair Lady
1217,My Girl
1218,My Neighbor Totoro
1219,My Old Ass
1220,My Sister's Keeper
1221,Mystic Pizza
1222,Mystic River
1223,Nacho Libre
1224,Napoleon
1225,Napoleon Dynamite
1226,National Lampoon's Animal House
1227,National Lampoon's Christmas Vacation
1228,National Lampoon's European Vacation
1229,National Treasure
1230,Nativity 2: Danger in the Manger!
1231,Natural Born Killers
1232,Need for Speed
1233,Network
1234,Never Back Down
1235,Never Been Kissed
1236,Never Let Go
1237,Never Let Me Go
1238,Never Say Never Again
1239,"New York, I Love You"
1240,Next
1241,Night Swim
1242,Night at the Museum
1243,Nightcrawler
1244,Nightmare Alley
1245,Ninja Assassin
1246,No Country for Old Men
1247,No Escape
1248,No Hard Feelings
1249,No Strings Attached
1250,No Time to Die
1251,No Way Out
1252,Noah
1253,Nobody
1254,Nocturnal Animals
1255,Nomadland
1256,Non-Stop
1257,Nope
1258,Norbit
1259,North Country
1260,North by Northwest
1261,Not Another Teen Movie
1262,Nothing But Trouble
1263,Notting Hill
1264,Now You See Me
1265,Now You See Me 2
1266,Nymphomaniac: Vol. I
1267,"O Brother, Where Art Thou?"
1268,Oblivion
1269,Ocean's Eight
1270,Ocean's Eleven
1271,Ocean's Twelve
1272,Octopussy
1273,Oculus
1274,Oddity
1275,Office Christmas Party
1276,Office Space
1277,Old
1278,Old School
1279,Oldboy
1280,Oliver!
1281,Olympus Has Fallen
1282,On Her Majesty's Secret Service
1283,On the Basis of Sex
1284,On the Road
1285,On the Waterfront
1286,Once Upon a Time in America
1287,Once Upon a Time in the West
1288,Once Upon a Time... in Hollywood
1289,One Day
1290,One Flew Over the Cuckoo's Nest
1291,Only the Brave
1292,Operation Fortune: Ruse de Guerre
1293,Operation Mincemeat
1294,Oppenheimer
1295,Ordinary Angels
1296,Ordinary People
1297,Original Sin
1298,Orphan
1299,Out of Time
1300,Out of the Furnace
1301,Over the Hedge
1302,Overboard
1303,Overlord
1304,Oz the Great and Powerful
1305,Pacific Rim
1306,Pacific Rim: Uprising
1307,Paddington
1308,Paddington 2
1309,Pale Rider
1310,Pan's Labyrinth
1311,Pandorum
1312,Panic Room
1313,Paper Moon
1314,Paradise Highway
1315,Parasite
1316,Parenthood
1317,"Paris, Texas"
1318,Parthenope
1319,Passengers
1320,Past Lives
1321,Paths of Glory
1322,Patriots Day
1323,Paul
1324,Pawn Sacrifice
1325,Payback
1326,Pearl Harbor
1327,Peeping Tom
1328,Penguins of Madagascar
1329,Percy Jackson & the Olympians: The Lightning Thief
1330,Perfect Blue
1331,Perfume: The Story of a Murderer
1332,Pet Sematary
1333,Peter Pan
1334,Phantom Thread
1335,Philadelphia
1336,Pineapple Express
1337,Pink Flamingos
1338,Pinocchio
1339,Piranha 3D
1340,Pirates of the Caribbean: At World's End
1341,Pirates of the Caribbean: Dead Man's Chest
1342,Pirates of the Caribbean: Dead Men Tell No Tales
1343,Pirates of the Caribbean: On Stranger Tides
1344,Pirates of the Caribbean: The Curse of the Black Pearl
1345,Pitch Black
1346,Pitch Perfect
1347,Pitch Perfect 2
1348,Pitch Perfect 3
1349,Pixels
1350,Plane
1351,"Planes, Trains & Automobiles"
1352,Planet of the Apes
1353,Platoon
1354,Pleasure
1355,Pocahontas
1356,Point Break
1357,Pokémon: Detective Pikachu
1358,Police Academy
1359,Poltergeist
1360,Pompeii
1361,Poor Things
1362,Popeye
1363,Porky's
1364,Portrait of a Lady on Fire
1365,Powder
1366,Power Rangers
1367,Practical Magic
1368,Precious
1369,Predator
1370,Predators
1371,Predestination
1372,Presumed Innocent
1373,Pretty Woman
1374,Pretty in Pink
1375,Pride & Prejudice
1376,Primal Fear
1377,Prince of Persia: The Sands of Time
1378,Princess Mononoke
1379,Priscilla
1380,Prisoners
1381,Private School
1382,Project X
1383,Prometheus
1384,Prospect
1385,Psycho
1386,Public Enemies
1387,Pulp Fiction
1388,Punch-Drunk Love
1389,Puss in Boots
1390,Puss in Boots: The Last Wish
1391,Quantum of Solace
1392,Queen of Hearts
1393,REC
1394,RED
1395,RRR
1396,Raging Bull
1397,Raiders of the Lost Ark
1398,Rain Man
1399,Raising Arizona
1400,Ralph Breaks the Internet
1401,Rambo
1402,Rambo: First Blood Part II
1403,Rambo: Last Blood
1404,Rampage
1405,Ran
1406,Random Hearts
1407,Ransom
1408,Rare Exports
1409,Ratatouille
1410,Ravenous
1411,Raw
1412,Ready Player One
1413,Ready or Not
1414,Reagan
1415,Real Steel
1416,Reality Bites
1417,Rear Window
1418,Red Dawn
1419,Red Dragon
1420,Red Eye
1421,Red Notice
1422,Red One
1423,Red Rocket
1424,Red Sparrow
1425,Reign of Fire
1426,Remember Me
1427,Remember the Titans
1428,Reminiscence
1429,Renfield
1430,Rent
1431,Requiem for a Dream
1432,Reservoir Dogs
1433,Resident Evil
1434,Resident Evil: Welcome to Raccoon City
1435,Return to Oz
1436,Revenge
1437,Revenge of the Nerds
1438,Revolutionary Road
1439,Richard Jewell
1440,Richie Rich
1441,Riddick
1442,Rio
1443,Rise of the Guardians
1444,Rise of the Planet of the Apes
1445,Risky Business
1446,Road House
1447,Road Trip
1448,Road to Perdition
1449,Robin Hood
1450,Robin Hood: Men in Tights
1451,Robin Hood: Prince of Thieves
1452,RoboCop
1453,Robots
1454,Rocketman
1455,Rocky
1456,Rocky IV
1457,Rogue One: A Star Wars Story
1458,Role Models
1459,Roman Holiday
1460,Romancing the Stone
1461,Romeo + Juliet
1462,Romeo and Juliet
1463,Ronin
1464,Room
1465,Rosemary's Baby
1466,Rounders
1467,Run All Night
1468,Run Lola Run
1469,Rush
1470,Rush Hour
1471,Safe House
1472,Salt
1473,San Andreas
1474,Santa Claus
1475,Saturday Night
1476,Saturday Night Fever
1477,Sausage Party
1478,Saving Mr. Banks
1479,Saving Private Ryan
1480,Saw
1481,Saw X
1482,Scarface
1483,Scary Movie
1484,Scary Movie 2
1485,Scary Movie 3
1486,Scary Movie 4
1487,Scary Movie V
1488,Scent of a Woman
1489,Schindler's List
1490,School of Rock
1491,Scooby-Doo
1492,Scott Pilgrim vs. the World
1493,Scouts Guide to the Zombie Apocalypse
1494,Scream
1495,Scream 2
1496,Scream 3
1497,Scream 4
1498,Scream VI
1499,Scrooged
1500,Se7en
1501,Sea Fever
1502,Secondhand Lions
1503,Secretary
1504,See How They Run
1505,Senna
1506,Sense and Sensibility
1507,Serendipity
1508,Serenity
1509,Serpico
1510,Seven Brides for Seven Brothers
1511,Seven Psychopaths
1512,Seven Samurai
1513,Sex Drive
1514,Sex and the City
1515,Shadow of the Vampire
1516,Shakespeare in Love
1517,Shallow Hal
1518,Shame
1519,Shang-Chi and the Legend of the Ten Rings
1520,Shark Tale
1521,Shaun of the Dead
1522,Shazam!
1523,Shazam! Fury of the Gods
1524,She Said
1525,She's All That
1526,She's Out of My League
1527,She's the Man
1528,Sherlock Holmes
1529,Sherlock Holmes: A Game of Shadows
1530,Shooter
1531,Short Circuit
1532,Shortbus
1533,Showgirls
1534,Shrek
1535,Shrek 2
1536,Shrek Forever After
1537,Shrek the Third
1538,Shutter Island
1539,Sicario
1540,Sicario: Day of the Soldado
1541,Sideways
1542,Signs
1543,Silence
1544,Silent Hill
1545,Silent Night
1546,"Silent Night, Deadly Night"
1547,Silkwood
1548,Silver Linings Playbook
1549,Silverado
1550,Sin City
1551,Sin City: A Dame to Kill For
1552,Sing
1553,Sing 2
1554,Singin' in the Rain
1555,Single White Female
1556,Sinister
1557,Sinister 2
1558,Sister Act
1559,Sisters
1560,Sixteen Candles
1561,Sky High
1562,Skyfall
1563,Slap Shot
1564,Sleepers
1565,Sleeping Beauty
1566,Sleepless in Seattle
1567,Sleepy Hollow
1568,Sling Blade
1569,Sliver
1570,Slumdog Millionaire
1571,Small Soldiers
1572,Smile
1573,Smile 2
1574,Smokey and the Bandit
1575,Snake Eyes
1576,Snatch
1577,Snow Day
1578,Snow White and the Huntsman
1579,Snow White and the Seven Dwarfs
1580,Snowpiercer
1581,Society
1582,Solo: A Star Wars Story
1583,Some Like It Hot
1584,Son in Law
1585,Sonic the Hedgehog
1586,Sonic the Hedgehog 2
1587,Sound of Freedom
1588,Sound of Metal
1589,Source Code
1590,South Pacific
1591,Southpaw
1592,Soylent Green
1593,Space Jam
1594,Spaceballs
1595,Spartacus
1596,Speak No Evil
1597,Species
1598,Spectre
1599,Speed
1600,Speed Racer
1601,Spencer
1602,Spider-Man
1603,Spider-Man 2
1604,Spider-Man 3
1605,Spider-Man: Across the Spider-Verse
1606,Spider-Man: Far from Home
1607,Spider-Man: Homecoming
1608,Spider-Man: Into the Spider-Verse
1609,Spider-Man: No Way Home
1610,Spirited Away
1611,Splash
1612,Splice
1613,Split
1614,Spotlight
1615,Spring Breakers
1616,Spy
1617,Spy Game
1618,Spy Kids
1619,Spy Kids 3: Game Over
1620,St. Elmo's Fire
1621,Stalker
1622,Stand by Me
1623,Star Trek
1624,Star Trek Beyond
1625,Star Trek Into Darkness
1626,Star Wars: Episode I - The Phantom Menace
1627,Star Wars: Episode II - Attack of the Clones
1628,Star Wars: Episode III - Revenge of the Sith
1629,Star Wars: Episode IV - A New Hope
1630,Star Wars: Episode IX - The Rise of Skywalker
1631,Star Wars: Episode V - The Empire Strikes Back
1632,Star Wars: Episode VI - Return of the Jedi
1633,Star Wars: Episode VII - The Force Awakens
1634,Star Wars: Episode VIII - The Last Jedi
1635,Stardust
1636,Stargate
1637,Starship Troopers
1638,State of Grace
1639,Steel Magnolias
1640,Step Brothers
1641,Step Up
1642,Stepmom
1643,Straight Outta Compton
1644,Strange Days
1645,Street Fighter
1646,Striptease
1647,Sucker Punch
1648,Suicide Squad
1649,Sully
1650,Sunset Boulevard
1651,Sunshine
1652,Super 8
1653,Super Mario Bros.
1654,Super Troopers
1655,Superbad
1656,Superhero Movie
1657,Superman
1658,Superman II
1659,Superman III
1660,Superman Returns
1661,Survival Island
1662,Surviving Christmas
1663,Suspiria
1664,Sweeney Todd: The Demon Barber of Fleet Street
1665,Sweet Home Alabama
1666,Swingers
1667,Swordfish
1668,Tag
1669,Take Shelter
1670,Taken
1671,Talk to Me
1672,Talladega Nights: The Ballad of Ricky Bobby
1673,Tangerine
1674,Tangled
1675,Tank Girl
1676,Taps
1677,Tarot
1678,Tarzan
1679,Taxi Driver
1680,Team America: World Police
1681,Tears of the Sun
1682,Ted
1683,Ted 2
1684,Teenage Mutant Ninja Turtles
1685,Teenage Mutant Ninja Turtles: Mutant Mayhem
1686,Teenage Mutant Ninja Turtles: Out of the Shadows
1687,Tenet
1688,Terminator 2: Judgment Day
1689,Terminator 3: Rise of the Machines
1690,Terminator Genisys
1691,Terminator Salvation
1692,Terminator: Dark Fate
1693,Terrifier
1694,Terrifier 2
1695,Terrifier 3
1696,Thanksgiving
1697,That Thing You Do!
1698,That's My Boy
1699,The 'Burbs
1700,The 13th Warrior
1701,The 355
1702,The 40-Year-Old Virgin
1703,The 5th Wave
1704,The A-Team
1705,The Abyss
1706,The Accountant
1707,The Accused
1708,The Addams Family
1709,The Adjustment Bureau
1710,The Adventures of Tintin
1711,The Age of Adaline
1712,The Age of Innocence
1713,The Amazing Spider-Man
1714,The Amazing Spider-Man 2
1715,The American Society of Magical Negroes
1716,The Apartment
1717,The Apprentice
1718,The Aristocats
1719,The Art of Racing in the Rain
1720,The Assassination of Jesse James by the Coward Robert Ford
1721,The Autopsy of Jane Doe
1722,The Avengers
1723,The Aviator
1724,The BFG
1725,The Babadook
1726,The Bad Guys
1727,The Basketball Diaries
1728,The Batman
1729,The Beach
1730,The Beast
1731,The Beekeeper
1732,The Best Christmas Pageant Ever
1733,The Best Man Holiday
1734,The Best of Me
1735,The Big Chill
1736,The Big Lebowski
1737,The Big Short
1738,The Bikeriders
1739,The Birdcage
1740,The Birds
1741,The Black Phone
1742,The Blackout
1743,The Blair Witch Project
1744,The Blind Side
1745,The Blue Lagoon
1746,The Blues Brothers
1747,The Bodyguard
1748,The Bone Collector
1749,The Book of Eli
1750,The Boondock Saints
1751,The Bourne Identity
1752,The Bourne Legacy
1753,The Bourne Supremacy
1754,The Bourne Ultimatum
1755,The Boy Next Door
1756,The Boy in the Striped Pajamas
1757,The Boys in the Boat
1758,The Break-Up
1759,The Breakfast Club
1760,The Bricklayer
1761,The Brown Bunny
1762,The Butterfly Effect
1763,The Cabin in the Woods
1764,The Cable Guy
1765,The Call of the Wild
1766,The Cannonball Run
1767,The Cat in the Hat
1768,The Cell
1769,The Change-Up
1770,The Chronicles of Narnia: Prince Caspian
1771,"The Chronicles of Narnia: The Lion, the Witch and the Wardrobe"
1772,The Chronicles of Narnia: The Voyage of the Dawn Treader
1773,The Chronicles of Riddick
1774,The Color Purple
1775,The Color of Money
1776,The Conjuring
1777,The Conjuring 2
1778,The Conjuring: The Devil Made Me Do It
1779,The Conversation
1780,The Counselor
1781,The Count of Monte Cristo
1782,The Covenant
1783,The Craft
1784,The Creator
1785,The Crow
1786,The Crucible
1787,The Crying Game
1788,The Curious Case of Benjamin Button
1789,The Da Vinci Code
1790,The Danish Girl
1791,The Dark Knight
1792,The Dark Knight Rises
1793,The Dark Tower
1794,The Day After Tomorrow
1795,The Death of Stalin
1796,The Deep End of the Ocean
1797,The Deer Hunter
1798,The Departed
1799,The Descendants
1800,The Descent
1801,The Devil Wears Prada
1802,The Devil's Advocate
1803,The Dictator
1804,The Dreamers
1805,The Dressmaker
1806,The Edge
1807,The Edge of Seventeen
1808,The Elephant Man
1809,The Emperor's New Groove
1810,The English Patient
1811,The Equalizer
1812,The Equalizer 2
1813,The Equalizer 3
1814,The Evil Dead
1815,The Exorcism
1816,The Exorcist
1817,The Expendables
1818,The Expendables 4
1819,The Fabelmans
1820,The Faculty
1821,The Fall
1822,The Fall Guy
1823,The Family
1824,The Family Man
1825,The Family Stone
1826,The Fast and the Furious
1827,The Fast and the Furious: Tokyo Drift
1828,The Fate of the Furious
1829,The Father
1830,The Fault in Our Stars
1831,The Favourite
1832,The Fifth Element
1833,The Fighter
1834,The Final Destination
1835,The Firm
1836,The First Omen
1837,The First Time
1838,The Flash
1839,The Flintstones
1840,The Florida Project
1841,The Fly
1842,The Foreigner
1843,The Founder
1844,The Fountain
1845,The French Connection
1846,The French Dispatch
1847,The Frozen Ground
1848,The Fugitive
1849,The Full Monty
1850,The Game
1851,The Garfield Movie
1852,The Gentlemen
1853,The Gift
1854,The Girl Next Door
1855,The Girl in the Spider's Web
1856,The Girl on the Train
1857,The Girl with the Dragon Tattoo
1858,The Giver
1859,The Godfather
1860,The Godfather Part II
1861,The Godfather Part III
1862,The Golden Compass
1863,The Good Liar
1864,The Good Shepherd
1865,"The Good, the Bad and the Ugly"
1866,The Goonies
1867,The Graduate
1868,The Grand Budapest Hotel
1869,The Gray Man
1870,The Great Beauty
1871,The Great Dictator
1872,The Great Escape
1873,The Great Gatsby
1874,The Great Outdoors
1875,The Great Wall
1876,The Greatest Showman
1877,The Green Inferno
1878,The Green Knight
1879,The Green Mile
1880,The Grinch
1881,The Guest
1882,The Hand That Rocks the Cradle
1883,The Handmaiden
1884,The Hangover
1885,The Hangover Part II
1886,The Happening
1887,The Hate U Give
1888,The Hateful Eight
1889,The Heat
1890,The Help
1891,The Hills Have Eyes
1892,The Hitchhiker's Guide to the Galaxy
1893,The Hitman's Bodyguard
1894,The Hobbit: An Unexpected Journey
1895,The Hobbit: The Battle of the Five Armies
1896,The Hobbit: The Desolation of Smaug
1897,The Holdovers
1898,The Holiday
1899,The Holy Mountain
1900,The Homesman
1901,The Hot Chick
1902,The Hot Spot
1903,The Hours
1904,The House Bunny
1905,The House That Jack Built
1906,The Human Centipede (First Sequence)
1907,The Hunchback of Notre Dame
1908,The Hunger Games
1909,The Hunger Games: Catching Fire
1910,The Hunger Games: Mockingjay - Part 1
1911,The Hunger Games: Mockingjay - Part 2
1912,The Hunger Games: The Ballad of Songbirds & Snakes
1913,The Hunt
1914,The Hunt for Red October
1915,The Huntsman: Winter's War
1916,The Hurt Locker
1917,The Illusionist
1918,The Imitation Game
1919,The Impossible
1920,The Incredible Hulk
1921,The Incredibles
1922,The Infiltrator
1923,The Insider
1924,The Intern
1925,The Interview
1926,The Intouchables
1927,The Invasion
1928,The Invisible Guest
1929,The Invisible Man
1930,The Invitation
1931,The Irishman
1932,The Iron Claw
1933,The Iron Giant
1934,The Island
1935,The Italian Job
1936,The Jackal
1937,The Judge
1938,The Jungle Book
1939,The Juror
1940,The Karate Kid
1941,The Keep
1942,The Killer
1943,The King
1944,The King of Comedy
1945,The King's Man
1946,The King's Speech
1947,The Lair of the White Worm
1948,The Last Airbender
1949,The Last Boy Scout
1950,The Last Dragon
1951,The Last Duel
1952,The Last House on the Left
1953,The Last Picture Show
1954,The Last Samurai
1955,The Last Stand
1956,The Last Voyage of the Demeter
1957,The Last of Sheila
1958,The Last of the Mohicans
1959,The League of Extraordinary Gentlemen
1960,The Legend of Tarzan
1961,The Lego Batman Movie
1962,The Lego Movie
1963,The Lighthouse
1964,The Lincoln Lawyer
1965,The Lion King
1966,The Little Mermaid
1967,The Little Rascals
1968,The Little Things
1969,The Lives of Others
1970,The Living Daylights
1971,The Lobster
1972,The Long Kiss Goodnight
1973,The Longest Ride
1974,The Longest Yard
1975,The Lorax
1976,The Lord of the Rings
1977,The Lord of the Rings: The Fellowship of the Ring
1978,The Lord of the Rings: The Return of the King
1979,The Lord of the Rings: The Two Towers
1980,The Lost Boys
1981,The Lost City
1982,The Lost World: Jurassic Park
1983,The Lovely Bones
1984,The Machinist
1985,The Magnificent Seven
1986,The Maltese Falcon
1987,The Man Who Invented Christmas
1988,The Man from U.N.C.L.E.
1989,The Man in the Iron Mask
1990,The Man with the Golden Gun
1991,The Manchurian Candidate
1992,The Many Saints of Newark
1993,The Martian
1994,The Marvels
1995,The Mask
1996,The Mask of Zorro
1997,The Master
1998,The Matrix
1999,The Matrix Reloaded
2000,The Matrix Resurrections
2001,The Maze Runner
2002,The Mechanic
2003,The Meg
2004,The Menu
2005,The Mighty Ducks
2006,The Ministry of Ungentlemanly Warfare
2007,The Mission
2008,The Mist
2009,The Mortal Instruments: City of Bones
2010,The Mountain Between Us
2011,The Mule
2012,The Mummy
2013,The Mummy Returns
2014,The Muppet Christmas Carol
2015,The Naked Gun: From the Files of Police Squad!
2016,The Name of the Rose
2017,The Nativity Story
2018,The Neon Demon
2019,The NeverEnding Story
2020,The New Mutants
2021,The New World
2022,The Next Three Days
2023,The Nice Guys
2024,The Night Before
2025,The Night of the Hunter
2026,The Nightingale
2027,The Nightmare Before Christmas
2028,The Ninth Gate
2029,The Northman
2030,The Notebook
2031,The Nun
2032,The Nun II
2033,The Nutcracker
2034,The Nutcracker and the Four Realms
2035,The Odd Life of Timothy Green
2036,The Other Boleyn Girl
2037,The Other Guys
2038,The Other Woman
2039,The Others
2040,The Outpost
2041,The Outrun
2042,The Outsiders
2043,The Passion of the Christ
2044,The Patriot
2045,The Peanut Butter Falcon
2046,The Perfect Storm
2047,The Perks of Being a Wallflower
2048,The Phantom of the Opera
2049,The Pianist
2050,The Piano
2051,The Piano Teacher
2052,The Pink Panther
2053,The Place Beyond the Pines
2054,The Polar Express
2055,The Pope's Exorcist
2056,The Post
2057,The Postman
2058,The Power of the Dog
2059,The Preacher's Wife
2060,The Predator
2061,The Prestige
2062,The Prince of Egypt
2063,The Princess Bride
2064,The Princess Diaries
2065,The Princess and the Frog
2066,The Professor and the Madman
2067,The Promised Land
2068,The Proposal
2069,The Punisher
2070,The Purge
2071,The Pursuit of Happyness
2072,The Quick and the Dead
2073,The Raid: Redemption
2074,The Rainmaker
2075,The Reader
2076,The Ref
2077,The Replacements
2078,The Revenant
2079,The Ring
2080,The Road
2081,The Road Warrior
2082,The Rock
2083,The Rocketeer
2084,The Rocky Horror Picture Show
2085,The Room
2086,The Royal Tenenbaums
2087,The Running Man
2088,The Sandlot
2089,The Santa Clause
2090,The Santa Clause 2
2091,The Santa Clause 3: The Escape Clause
2092,The Scorpion King
2093,The Secret Garden
2094,The Secret Life of Pets
2095,The Secret Life of Walter Mitty
2096,The Secret in Their Eyes
2097,The Seventh Seal
2098,The Shallows
2099,The Shape of Water
2100,The Shawshank Redemption
2101,The Shining
2102,The Silence of the Lambs
2103,The Sisters Brothers
2104,The Sixth Sense
2105,The Skin I Live In
2106,The Snowman
2107,The Social Network
2108,The Son
2109,The Sound of Music
2110,The Spiderwick Chronicles
2111,The Spy Who Loved Me
2112,The Star
2113,The Station Agent
2114,The Sting
2115,The Strangers
2116,The Strangers: Chapter 1
2117,The Substance
2118,The Suicide Squad
2119,The Super Mario Bros. Movie
2120,The Taking of Deborah Logan
2121,The Talented Mr. Ripley
2122,The Ten Commandments
2123,The Terminal
2124,The Terminator
2125,The Texas Chain Saw Massacre
2126,The Texas Chainsaw Massacre
2127,The Theory of Everything
2128,The Thin Red Line
2129,The Thing
2130,The Three Musketeers
2131,The Three Musketeers - Part I: D'Artagnan
2132,The Time Machine
2133,The Time Traveler's Wife
2134,The Tomorrow War
2135,The Town
2136,The Transporter
2137,The Tree of Life
2138,The Truman Show
2139,The Twilight Saga: Breaking Dawn - Part 1
2140,The Twilight Saga: Breaking Dawn - Part 2
2141,The Twilight Saga: Eclipse
2142,The Twilight Saga: New Moon
2143,The Unbearable Weight of Massive Talent
2144,The Untouchables
2145,The Usual Suspects
2146,The Village
2147,The Virgin Suicides
2148,The Visit
2149,The Wailing
2150,The Warriors
2151,The Watchers
2152,The Waterboy
2153,The Way Back
2154,The Wedding Singer
2155,The Whale
2156,The Wicker Man
2157,The Wild Robot
2158,The Witch
2159,The Wiz
2160,The Wizard of Oz
2161,The Wolf of Snow Hollow
2162,The Wolf of Wall Street
2163,The Wolverine
2164,The Woman King
2165,The World Is Not Enough
2166,The World's End
2167,The Worst Person in the World
2168,The Wrestler
2169,The Zone of Interest
2170,Thelma
2171,Thelma & Louise
2172,There Will Be Blood
2173,There's Something About Mary
2174,They Live
2175,Thir13en Ghosts
2176,Thirteen
2177,This Christmas
2178,This Is 40
2179,This Is England
2180,This Is Spinal Tap
2181,This Is Where I Leave You
2182,This Is the End
2183,Thor
2184,Thor: Love and Thunder
2185,Thor: Ragnarok
2186,Thor: The Dark World
2187,Three Amigos!
2188,"Three Billboards Outside Ebbing, Missouri"
2189,Three Men and a Baby
2190,Three Thousand Years of Longing
2191,Thunderball
2192,Ticket to Paradise
2193,Tim Burton's The Nightmare Before Christmas
2194,Time Bandits
2195,Tinker Tailor Soldier Spy
2196,Titane
2197,Titanic
2198,To Die For
2199,To Kill a Mockingbird
2200,Tomb Raider
2201,Tombstone
2202,Tommy Boy
2203,Tomorrow Never Dies
2204,Tomorrowland
2205,Tootsie
2206,Top Gun
2207,Top Gun: Maverick
2208,Top Secret!
2209,Total Recall
2210,Toy Soldiers
2211,Toy Story
2212,Toy Story 2
2213,Toy Story 3
2214,Toy Story 4
2215,Trading Places
2216,Traffic
2217,Train to Busan
2218,Training Day
2219,Trainspotting
2220,Transformers
2221,Transformers One
2222,Transformers: Age of Extinction
2223,Transformers: Dark of the Moon
2224,Transformers: Revenge of the Fallen
2225,Transformers: Rise of the Beasts
2226,Transformers: The Last Knight
2227,Trap
2228,Treasure Planet
2229,Tremors
2230,Triangle
2231,Triangle of Sadness
2232,Trolls
2233,Trolls Band Together
2234,Tron
2235,Tron: Legacy
2236,Tropic Thunder
2237,Troy
2238,True Grit
2239,True Lies
2240,True Romance
2241,Trust
2242,Truth or Dare
2243,Turning Red
2244,Tusk
2245,Twilight
2246,Twilight Zone: The Movie
2247,Twilight of the Warriors: Walled In
2248,Twin Peaks: Fire Walk with Me
2249,Twins
2250,Twister
2251,Twisters
2252,Tár
2253,U-571
2254,Unaccompanied Minors
2255,Unbreakable
2256,Unbroken
2257,Uncharted
2258,Uncle Buck
2259,Uncut Gems
2260,Under Siege
2261,Under the Silver Lake
2262,Under the Skin
2263,Underwater
2264,Underworld
2265,Unfaithful
2266,Unforgiven
2267,Unhinged
2268,Unstoppable
2269,Unsung Hero
2270,Up
2271,Up in the Air
2272,Upgrade
2273,Us
2274,V for Vendetta
2275,V/H/S
2276,Vacation
2277,Valerian and the City of a Thousand Planets
2278,Valkyrie
2279,Van Helsing
2280,Van Wilder
2281,Vanilla Sky
2282,Varsity Blues
2283,Vegas Vacation
2284,Venom
2285,Venom: Let There Be Carnage
2286,Venom: The Last Dance
2287,Vertigo
2288,Vice
2289,Vicky Cristina Barcelona
2290,Videodrome
2291,Violent Night
2292,Virgin Territory
2293,Vivarium
2294,Voyagers
2295,WALL·E
2296,Waiting...
2297,Walk the Line
2298,Walking Tall
2299,Wall Street
2300,Wallace & Gromit: The Curse of the Were-Rabbit
2301,Wanted
2302,War Dogs
2303,War for the Planet of the Apes
2304,War of the Worlds
2305,WarGames
2306,Warcraft
2307,Warrior
2308,Watchmen
2309,Waterworld
2310,Waves
2311,Wayne's World
2312,We Bought a Zoo
2313,We Need to Talk About Kevin
2314,We Were Soldiers
2315,We're the Millers
2316,Wedding Crashers
2317,Weird Science
2318,Wer
2319,West Side Story
2320,What Dreams May Come
2321,What Lies Beneath
2322,What We Do in the Shadows
2323,What Women Want
2324,What a Girl Wants
2325,What's Eating Gilbert Grape
2326,When Harry Met Sally...
2327,Where Eagles Dare
2328,Where the Crawdads Sing
2329,While You Were Sleeping
2330,Whiplash
2331,White Bird
2332,White Boy Rick
2333,White Chicks
2334,Who Framed Roger Rabbit
2335,Why Him?
2336,Wicked
2337,Widows
2338,Wild
2339,Wild Card
2340,Wild Tales
2341,Wild Things
2342,Wild Wild West
2343,Wild at Heart
2344,Willow
2345,Willy Wonka & the Chocolate Factory
2346,Wind River
2347,Winnie-the-Pooh: Blood and Honey
2348,Winnie-the-Pooh: Blood and Honey 2
2349,Winter's Bone
2350,Wish
2351,Without a Paddle
2352,Witness
2353,Witness for the Prosecution
2354,Wonder
2355,Wonder Woman
2356,Wonder Woman 1984
2357,Wonka
2358,World War Z
2359,Wrath of Man
2360,Wreck-It Ralph
2361,Wrong Turn
2362,Wyatt Earp
2363,X
2364,X-Men
2365,X-Men Origins: Wolverine
2366,X-Men: Apocalypse
2367,X-Men: Dark Phoenix
2368,X-Men: Days of Future Past
2369,X-Men: First Class
2370,X-Men: The Last Stand
2371,X2: X-Men United
2372,Yesterday
2373,You Again
2374,You Don't Mess with the Zohan
2375,You Only Live Twice
2376,You're Next
2377,You've Got Mail
2378,Young & Beautiful
2379,Young Frankenstein
2380,Young Guns
2381,Youth
2382,Zack and Miri Make a Porno
2383,Zardoz
2384,Zero Dark Thirty
2385,Zodiac
2386,Zombieland
2387,Zombieland: Double Tap
2388,Zookeeper
2389,Zoolander
2390,Zoolander 2
2391,Zootopia
2392,"tick, tick... BOOM!"
2393,xXx
